{
    "usd_krw": 1109.7649251677,
    "usd_jpy": 104.6367043165,
    "usd_gbp": 0.7600429367,
    "usd_eur": 0.8460492255,
    "usd_rub": 77.6297586519,
    "usd_vnd": 23183.8570245314,
    "usd_inr": 74.6111939859,
    "usd_sgd": 1.3487038942,
    "usd_hkd": 7.7533786713,
    "usd_cad": 1.3165076549,
    "usd_aud": 1.3803995507,
    "usd_cny": 6.6067334987,
    "usd_twd": 28.5043832307,
    "usd_ngn": 380.3598273947,
    "usd_idr": 14177.7343247938,
    "usd_php": 48.1884899559,
    "usd_khr": 4064.0117688406,
    "usd_chf": 0.9136183426,
    "usd_thb": 30.1906851082,
    "usd_myr": 4.1225088536,
    "usd_sar": 3.75,
    "usd_aed": 3.6725,
    "usd_zar": 15.6027442823,
    "usd_nok": 9.16710133,
    "usd_dkk": 6.2998973484,
    "usd_sek": 8.7052842134,
    "usd_try": 7.6656956806,
    "usd_brl": 5.5196942696,
    "usd_nzd": 1.4633340281,
    "usd_mmk": 1294.368250686,
    "usd_ars": 79.7389307257,
    "usd_cop": 3636.3128611322,
    "usd_ves": 606407.076939539,
    "usd_kes": 109.2088620513,
    "usd_pen": 3.6454960724,
    "usd_all": 104.7239304818,
    "usd_bam": 1.6547284568,
    "usd_bgn": 1.6547284568,
    "usd_czk": 22.3595068162,
    "usd_gip": 0.7600429367,
    "usd_hrk": 6.4053724867,
    "usd_huf": 302.1750543845,
    "usd_mdl": 17.1142439753,
    "usd_mkd": 52.1760116702,
    "usd_pln": 3.7985897951,
    "usd_ron": 4.1201842491,
    "usd_rsd": 99.4551181148,
    "usd_uah": 28.1522911273,
    "usd_azn": 1.6989779003,
    "usd_clp": 766.9002010323,
    "usd_crc": 613.5273113731,
    "usd_dop": 58.4229662486,
    "usd_gel": 3.2945478606,
    "usd_ils": 3.3685057795,
    "usd_kzt": 430.177794095,
    "usd_mad": 9.1468157628,
    "usd_mxn": 20.5391912158,
    "usd_nad": 15.6027442823,
    "usd_qar": 3.64,
    "usd_uyu": 42.9305284638,
    "usd_uzs": 10378.7109818763,
    "cny_krw": 167.9748283161,
    "cny_jpy": 15.8378878666,
    "cny_gbp": 0.1150406531,
    "cny_eur": 0.1280586277,
    "cny_rub": 11.7500968773,
    "cny_vnd": 3509.1255049463,
    "cny_inr": 11.2932047283,
    "cny_sgd": 0.2041408049,
    "cny_hkd": 1.1735570495,
    "cny_cad": 0.1992675587,
    "cny_aud": 0.2089382826,
    "cny_twd": 4.3144442313,
    "cny_ngn": 57.5715408336,
    "cny_idr": 2145.952205832,
    "cny_php": 7.2938449789,
    "cny_khr": 615.1317848169,
    "cny_chf": 0.1382859386,
    "cny_thb": 4.5696841131,
    "cny_myr": 0.6239859462,
    "cny_sar": 0.5676027345,
    "cny_aed": 0.555872278,
    "cny_zar": 2.3616427521,
    "cny_nok": 1.387539142,
    "cny_dkk": 0.9535570565,
    "cny_sek": 1.3176381665,
    "cny_try": 1.1602852881,
    "cny_brl": 0.8354649496,
    "cny_nzd": 0.2214913056,
    "cny_mmk": 195.9165222797,
    "cny_ars": 12.0693427004,
    "cny_cop": 550.3949662673,
    "cny_ves": 91786.2173587786,
    "cny_kes": 16.5299329954,
    "cny_pen": 0.5517849438,
    "cny_all": 15.8510904826,
    "cny_bam": 0.2504609059,
    "cny_bgn": 0.2504609059,
    "cny_czk": 3.3843512563,
    "cny_gip": 0.1150406531,
    "cny_hrk": 0.9695218504,
    "cny_huf": 45.7374365783,
    "cny_mdl": 2.5904244478,
    "cny_mkd": 7.8973991733,
    "cny_pln": 0.5749573213,
    "cny_ron": 0.6236340924,
    "cny_rsd": 15.0535992007,
    "cny_uah": 4.2611513137,
    "cny_azn": 0.2571585339,
    "cny_clp": 116.0785736534,
    "cny_crc": 92.8639412347,
    "cny_dop": 8.8429427735,
    "cny_gel": 0.4986651666,
    "cny_ils": 0.5098594911,
    "cny_kzt": 65.1120246007,
    "cny_mad": 1.3844687037,
    "cny_mxn": 3.1088269596,
    "cny_nad": 2.3616427521,
    "cny_qar": 0.5509530543,
    "cny_uyu": 6.4979960933,
    "cny_uzs": 1570.9292623929,
    "usdt_cny": 6.52,
    "btc_cny": 105049.43
}