{"usd_krw": 1107.4853399606, "usd_jpy": 104.6417539186, "usd_gbp": 0.7578840781, "usd_eur": 0.8449794975, "usd_rub": 77.1783260663, "usd_vnd": 23221.6376488449, "usd_inr": 74.5888968378, "usd_sgd": 1.3476060975, "usd_hkd": 7.7540189462, "usd_cad": 1.3135691104, "usd_aud": 1.375581366, "usd_cny": 6.605082525, "usd_twd": 28.5037284702, "usd_ngn": 380.4997555191, "usd_idr": 14221.6808910872, "usd_php": 48.1866210583, "usd_khr": 4052.8959166647, "usd_chf": 0.912751207, "usd_thb": 30.1714035548, "usd_myr": 4.1228063446, "usd_sar": 3.75, "usd_aed": 3.6725, "usd_zar": 15.5031253229, "usd_nok": 9.1644256752, "usd_dkk": 6.2960108872, "usd_sek": 8.6828533883, "usd_try": 7.6608369456, "usd_brl": 5.4583448067, "usd_nzd": 1.4606047313, "usd_mmk": 1295.8035943757, "usd_ars": 79.7460460527, "usd_cop": 3642.7053379352, "usd_ves": 606045.9989324998, "usd_kes": 109.3027367304, "usd_pen": 3.6440589629, "usd_all": 104.7997469672, "usd_bam": 1.6526362506, "usd_bgn": 1.6526362506, "usd_czk": 22.3268289289, "usd_gip": 0.7578840781, "usd_hrk": 6.401650831, "usd_huf": 302.0936514944, "usd_mdl": 17.118681747, "usd_mkd": 52.1718199506, "usd_pln": 3.7873410571, "usd_ron": 4.1143236745, "usd_rsd": 99.3247745536, "usd_uah": 28.3057656906, "usd_azn": 1.6991824767, "usd_clp": 766.9787442479, "usd_crc": 614.3580860173, "usd_dop": 58.491200829, "usd_gel": 3.2913999777, "usd_ils": 3.3718872222, "usd_kzt": 429.883295591, "usd_mad": 9.130320502, "usd_mxn": 20.4070574563, "usd_nad": 15.5031253229, "usd_qar": 3.64, "usd_uyu": 42.8932284627, "usd_uzs": 10380.3674088363, "cny_krw": 167.6716885472, "cny_jpy": 15.842611129, "cny_gbp": 0.11474256, "cny_eur": 0.1279286813, "cny_rub": 11.6846876287, "cny_vnd": 3515.7225607631, "cny_inr": 11.2926517656, "cny_sgd": 0.2040256261, "cny_hkd": 1.1739473227, "cny_cad": 0.1988724752, "cny_aud": 0.2082610415, "cny_twd": 4.3154235185, "cny_ngn": 57.6071160472, "cny_idr": 2153.1420443664, "cny_php": 7.2953851638, "cny_khr": 613.6026160649, "cny_chf": 0.1381892207, "cny_thb": 4.5679071292, "cny_myr": 0.6241869544, "cny_sar": 0.5677446097, "cny_aed": 0.5560112211, "cny_zar": 2.3471508894, "cny_nok": 1.3874808741, "cny_dkk": 0.9532069983, "cny_sek": 1.3145715221, "cny_try": 1.1598397017, "cny_brl": 0.8263855578, "cny_nzd": 0.2211334568, "cny_mmk": 196.1828015731, "cny_ars": 12.0734367437, "cny_cop": 551.5003520619, "cny_ves": 91754.493095073, "cny_kes": 16.5482772269, "cny_pen": 0.5517052889, "cny_all": 15.8665310495, "cny_bam": 0.2502067528, "cny_bgn": 0.2502067528, "cny_czk": 3.3802498068, "cny_gip": 0.11474256, "cny_hrk": 0.9692007339, "cny_huf": 45.7365446005, "cny_mdl": 2.5917438097, "cny_mkd": 7.8987385476, "cny_pln": 0.573397992, "cny_ron": 0.6229026903, "cny_rsd": 15.0376280959, "cny_uah": 4.2854522383, "cny_azn": 0.2572537845, "cny_clp": 116.1194794077, "cny_crc": 93.0129311317, "cny_dop": 8.855483729, "cny_gel": 0.4983132255, "cny_ils": 0.5104988786, "cny_kzt": 65.0837130292, "cny_mad": 1.3823173999, "cny_mxn": 3.0895991653, "cny_nad": 2.3471508894, "cny_qar": 0.5510907678, "cny_uyu": 6.4939731336, "cny_uzs": 1571.5727047387, "usdt_cny": 6.515, "btc_cny": 104711.365}